SA2,2019,2020,2021,2022,2023,2024,2025
201011001,65491.49999999999,69242.95285700823,69837.90412547004,73838.32562992423,78596.59383795457,84294.60539691291,91169.59277247505
201011002,80540.75,86052.61408039705,86935.97494910141,92885.50084271736,100036.77256101208,108701.3531780501,119293.2891770863
201011003,62204.5,65991.36264846688,66593.9723302461,70648.05565911213,75486.5527703756,81302.65976900521,88349.91613490591
201011004,52104.25,54826.029572354164,55255.62322543425,58142.0216776274,61558.844446590236,65628.6654155818,70509.9141818802
201011005,64569.74999999999,67247.65222778147,67665.99666394666,70472.30957690414,73760.34614456174,77631.97397150926,82216.17662509198
201011006,56467.24999999999,59807.71845883854,60338.430855245795,63907.90918344062,68161.12939975719,73264.44656954776,79435.53227971606
201011007,62094.0,66998.3189419938,67792.06984707873,73146.43471756534,79645.85698042894,87607.40104272669,97459.4697664772
201011008,51615.5,54096.738721133246,54486.816089758664,57106.08351665902,60194.410740807354,63856.67453535462,68227.38740307836
201021009,63414.25,67223.84317185088,67829.61118282568,71904.45593162256,76764.05081582617,82600.58009314713,89665.90932314395
201021010,53800.0,57028.02060000382,57541.27606080565,60993.77465699129,65110.88072014844,70055.26977805143,76040.107775886
201021011,53559.75,56679.54060266313,57174.76779697076,60505.12881027713,64470.02313501964,69222.82571728139,74963.9083154365
201021012,62352.50000000001,66332.60049814644,66967.72438961675,71242.42505443125,76358.43504407625,82527.25693220359,90027.84206358033
201031013,47980.0,51386.80263299882,51934.10784718647,55621.67048487382,60064.74176753572,65462.474661686545,72080.62634631578
201031014,51812.0,55922.85879402027,56588.41207084847,61078.240130006394,66530.05675804494,73210.8055409429,81481.36627434671
201031015,54551.0,58186.217798151236,58767.837496819295,62684.06064263325,67383.40601709117,73066.51159292956,79999.23159750242
201031016,47003.5,49697.55537926205,50124.82558171189,52997.78304217724,56415.110109426656,60507.49814297034,65445.40717066015
201031017,45963.5,49052.95336076818,49547.520174487865,52877.87475411737,56876.35602410464,61714.79603309966,67621.09487220489
202011018,61655.0,65426.95653990806,66027.36438178703,70066.81534104052,74889.215878721,80687.8099393681,87716.3297501321
202011019,51198.50000000001,54313.46096564494,54809.13264787312,58143.76762270598,62123.47430078818,66907.08856599899,72703.04444699471
202011020,62215.5,65581.13701569903,66113.29291480375,69689.78664809876,73931.00212099354,78992.74776341717,85077.08766774037
202011021,59423.5,62753.24736177427,63280.69641773438,66826.5786351768,71039.22307542757,76077.2015043766,82146.87251091718
202011022,53128.75,55881.77683347172,56316.129320001026,59234.31985102662,62687.4009232119,66798.57773597758,71726.9741099404
202011023,61914.25,65058.6173941306,65554.22590568001,68883.4525455132,72819.04479530481,77499.54954588058,83103.56614883401
202011024,67684.75,70247.87927913349,70646.90800313123,73322.21017065163,76445.89891385558,80109.75932550627,84429.1518951996
202011025,57636.74999999999,60665.80695455921,61144.043976406356,64357.42418324675,68162.46335031035,72696.22075003329,78135.95090541852
202021026,62225.25,65527.08804254582,66048.64440137795,69553.36196768827,73705.38511903529,78655.25042859818,84597.82174469758
202021027,53778.5,57196.79113426192,57742.12602843658,61412.35479042211,65803.81181141618,71097.47688777218,77531.93710465886
202021028,53220.0,57115.53690033306,57742.63859587303,61969.2184412849,67072.1646882443,73285.71501436408,80923.53378183617
202021029,54329.25,58556.01266612487,59239.352768043216,63848.116641009736,69436.35299961365,76273.3611912707,84722.34748353668
202021030,63304.49999999999,68126.4048653701,68904.78328178718,74153.26182207615,80507.5489692505,88268.6923091745,97841.69794636521
202021031,76651.0,82157.96303704404,83043.35435413808,89009.57374984576,96203.79152464814,104951.44497990476,115687.39117010348
202031032,55150.5,57510.95569960182,57880.17827193753,60357.46490933818,63263.69445061359,66690.63045970726,70754.77168001149
202031033,51808.75,56551.8634943784,57328.46563264393,62576.911483088144,69021.9727411469,77019.44634469158,87059.09147824567
203011034,66729.75,71198.00167459113,71913.11882296206,76728.45101895816,82508.44095558349,89500.76513372433,98033.77886363449
203011035,60850.74999999999,64958.36170027521,65616.09490787928,70045.38196136628,75364.69411950071,81803.3680593214,89665.71491549912
203011036,65376.5,70960.18008261695,71869.26578815232,78007.48040553945,85502.75648279939,94745.14076579151,106266.75615476156
203021037,57870.75,61161.20982166657,61682.84252099061,65190.053244914285,69360.00796895937,74351.2848326057,80370.55070300648
203021038,49265.75,51102.876377574226,51388.721337297226,53305.013598727535,55541.23353563243,58162.52009084478,61250.64399455295
203021039,68967.75,72013.03010796111,72489.99183594654,75690.79699726138,79450.70127510019,83890.71147295681,89164.86336244269
203021040,68122.25,72911.37594971812,73680.24756491825,78860.1114947621,85097.13217672551,92668.7248832857,101944.66699135565
203021041,59598.75,63314.584656210536,63906.710819701686,67891.13617809046,72653.08615594341,78386.03863212036,85344.53675390418
203021042,71479.25,75103.35215063405,75674.5295623632,79511.33850111367,84046.59683789514,89439.78560435724,95896.45813230482
203021043,65582.25,69282.25982432623,69868.57329024466,73810.40827738772,78495.16124384354,84100.01771436998,90855.71559576759
203021044,57645.25,59844.9330627055,60187.476166378685,62484.16794775138,65166.540505111356,68313.7546532146,72025.36440223925
203021045,51573.5,54229.15726247539,54648.01788466125,57461.99028473659,60790.72055886855,64752.4768393484,69499.9156032927
203021046,87509.0,91938.32992770858,92636.35846691999,97325.21326987132,102867.17083810967,109456.89370020956,117345.2405126401
203021047,60953.74999999999,64605.45444272655,65186.025839103815,69091.28351661083,73747.90538717168,79339.68343950466,86107.41650911258
203031048,57422.5,60493.47998283477,60978.76257968957,64239.933013931564,68104.95964865635,72714.72345880161,78251.72715418054
203031049,60835.0,65333.38458391572,66058.03656886023,70942.63348420669,76844.14009896311,84035.62991517199,92883.20173977413
203031050,68903.25,73123.13089513281,73794.87911395413,78314.34083065996,83710.12171939889,90198.60970191598,98063.95687801956
203031051,55414.49999999999,58520.15458036509,59012.11079971973,62319.390161658615,66248.60204552933,70947.66750482476,76609.08810741233
203031052,64003.50000000001,67103.81356216995,67591.38735874384,70865.49728889135,74727.29266143349,79308.56584158704,84778.46802584312
203031053,73553.0,77745.1558833811,78409.81907721594,82878.7895387797,88192.9290819535,94554.66802963524,102227.88668355429
204011054,50037.0,53391.81682984261,53928.77877503305,57544.526614578586,61884.96997940668,67136.28145981701,73545.31286779424
204011055,47494.5,49724.65872212047,50074.89047954585,52426.21439625591,55195.6640528796,58475.88018990321,62385.43033766559
204011056,61085.49999999999,64602.93675053893,65160.93351880412,68913.04264876895,73377.22690533995,78724.77258929105,85179.1914545046
204011057,50801.49999999999,54102.363677011555,54629.66462413492,58179.26602655672,62432.035220970974,67566.12655709282,73816.95590635783
204011058,58506.0,63294.23613137388,64071.253227958725,69314.95968009214,75696.92808817094,83537.69336613629,93272.22810685296
204011059,53457.75,56590.426026744455,57087.86410903535,60433.26834532327,64417.39753769687,69195.03320403512,74968.50830713206
204011060,59116.49999999999,61359.25056019029,61708.425901000526,64049.50845422899,66783.14381552981,69989.73921124406,73770.36944238712
204011061,47186.75,51126.09773765895,51766.330888251585,56088.00124002488,61355.77044205814,67838.60161094519,75902.38228771984
204011062,50978.24999999999,53826.136629665474,54277.18409059491,57309.36481212806,60911.13410645389,65217.783375376785,70405.32237980407
204021063,51657.0,54353.593290030396,54779.19737550265,57638.77528509924,61023.73524240008,65055.4528078943,69890.79863065941
204021064,47170.0,49315.71800264521,49652.216700753066,51910.848357442635,54567.39482945438,57708.95247894154,61446.67904403735
204021065,53971.00000000001,55543.58158508159,55786.3419941073,57411.81815943676,59293.76149945326,61480.34853027336,64030.973511980985
204021066,55771.5,58749.96360523554,59220.592766385336,62383.254345061796,66131.26245356316,70601.10094333942,75969.55218784048
204021067,51285.0,53160.68441744103,53452.327200074236,55407.2788858525,57687.036920782375,60357.2916174204,63500.380927831284
204031068,52740.75,54530.097479319724,54807.605741351486,56667.075907794635,58829.95234803364,61356.06041625494,64319.9595390472
204031069,49619.75000000001,52297.61029731353,52720.967007876,55566.1926365091,58939.81531247896,62965.56863520409,67803.88254121796
204031070,54275.5,56150.33124976571,56441.270243543084,58390.91340167274,60660.02649673953,63311.9805253482,66425.86013353163
204031071,50761.25000000001,53316.48408310614,53719.06310939254,56423.18842091755,59618.46554464832,63416.721456674,67961.99198431651
204031072,50903.0,52671.18591357877,52945.626857090574,54784.7662318682,56925.66870168593,59428.304967926735,62367.54773795925
204031073,59140.0,61854.91809800563,62280.85072379596,65139.954693853804,68504.10496675392,72484.23310108436,77222.03096810459
204031074,58054.50000000001,60545.83325415677,60935.57009054339,63550.5407151732,66618.62798366701,70236.86210596876,74528.45585621403
204031075,58406.99999999999,60907.399349457,61298.515538553766,63922.70045432208,67001.2922919522,70631.51025609435,74936.78168697962
205011076,54684.49999999999,57732.12118905304,58214.74140819577,61459.10643724168,65312.43022036495,69919.2118627004,75467.39554136588
205011077,53340.0,54590.48822123592,54782.458869470385,56066.76369786585,57545.47912827218,59252.90889798587,61230.76110971514
205011078,58010.75000000001,59811.780479745816,60090.32240436812,61955.91631908254,64119.869645020495,66639.34583225434,69585.12966841231
205011079,60304.75,63441.77485921125,63936.80657274748,67262.76931427763,71199.11930110396,75886.67137601366,81507.35978168818
205021080,23193.999999999996,23258.088420689055,23267.72824664703,23332.020389285208,23404.548904440573,23486.39712399241,23578.798381997927
205021081,51454.75,53147.648070502946,53409.93741464607,55167.162549253415,57209.08153465511,59591.26583353128,62382.816506292955
205021082,44784.5,45272.140485384574,45346.08301648582,45839.83835443642,46401.36145178587,47040.813220844226,47770.11019785591
205021083,0.0,0.0,0.0,0.0,0.0,0.0,0.0
205021084,47648.5,49532.00517924024,49825.698962758885,51795.266988103256,54098.61830737357,56805.12311914163,60002.27051122834
205021085,44010.5,44556.87055030979,44639.84357452897,45194.02714207667,45825.22358759249,46545.23705135376,47367.979289539144
205021086,49175.25,51728.34944764349,52131.19728390957,54837.764733806485,58040.73879511519,61854.54948712009,66427.01428452463
205031087,47833.5,49343.9781163729,49577.704476934734,51143.260785221035,52960.12811132162,55076.716210780214,57553.04259115551
205031088,20856.0,20121.17720207254,20014.83730183361,19309.65132435968,18544.268771865627,17717.34331529636,16828.53569018922
205031089,50830.0,52980.55105771743,53316.781768269146,55572.545321797385,58217.64753775392,61335.02467192084,65029.86572034675
205031090,54438.75,56685.68292071319,57036.63401828889,59390.7933379346,62148.53520068059,65395.0538704693,69238.17817651878
205031091,49460.25000000001,52181.61181080689,52612.275967199996,55507.06599751263,58942.88892279129,63047.44734394212,67986.62962044953
205031092,84995.0,103728.58277384467,107157.97507587553,130776.45611548371,163203.66373002768,208729.96984030918,274234.27482755226
205031093,50514.0,52917.86850425618,53295.60813310091,55831.848260715844,58820.900291130936,62363.61075189096,66589.20474950025
205041094,61128.0,62057.00614831786,62198.474886681586,63143.74981119607,64223.345876464875,65458.657062103826,66875.1129697253
205041095,56997.25,58721.440160379716,58987.892303231834,60772.30020871448,62840.485556234686,65246.37594360892,68056.62765820487
205041096,51013.24999999999,51280.447938777506,51320.73755957847,51589.546061143476,51893.53959059427,52237.54751744801,52627.12195943193
205041097,67282.25,69428.44263016035,69760.6405246192,71985.88971841405,74569.14955645226,77579.60655301479,81103.09890297709
205041098,65425.5,66660.03862591415,66848.7136665832,68110.10745209607,69555.95239440256,71217.0569860144,73130.42814008876
205051099,35398.5,39181.37693063119,39809.447301838656,44063.702138040855,49361.20083383938,56037.382019177974,64563.9205320446
205051100,54823.25,53946.81208495431,53817.44808836409,52957.08953618695,52004.659658671815,50952.44661088972,49792.657600081504
205051101,54422.5,55335.08778024829,55474.2713667995,56404.4958542361,57468.546759212826,58688.18609014439,60089.399920311975
205051102,48726.5,47116.54378847512,46883.02946155495,45333.98275192602,43648.88443755493,41823.614755395254,39856.054779478065
205051103,63099.00000000001,64735.961744072185,64987.87609970563,66673.8404890576,68619.75630368743,70872.80339845421,73490.70448038458
205051104,47127.0,44413.43891682466,44029.84168143514,41494.614213420755,38806.70830858326,35978.693632807895,33029.02815487842
206011105,70995.5,75328.82961984527,76018.50287086813,80658.41990992872,86196.93235221467,92855.60643372197,100925.29178546935
206011106,72784.25,77507.16801956111,78261.57573926299,83339.91351561176,89423.76444081866,96767.73604714511,105708.22238408719
206011107,72733.5,77964.04653249583,78805.05082883086,84472.22600060039,91306.29004811084,99616.62110758279,109816.66304875695
206011108,68575.75,73103.97668301097,73828.06218958632,78703.11206015832,84549.69373917989,91615.71072533273,100229.3189715462
206011109,75384.75,80802.15483887591,81673.16253860775,87542.47411612114,94619.96194680738,103225.84829486186,113788.03451720269
206021110,87181.25,93466.42674959594,94477.17105345894,101288.33422068582,109503.31127888702,119494.71943545023,131760.65516881796
206021111,86024.75,92589.53170745689,93649.39540491915,100796.03445784996,109449.55520149901,120020.55138790968,133061.52617543912
206021112,74453.5,80057.7723440135,80961.69000967908,87055.84757441194,94427.83497344855,103423.6225346,114508.00305185991
206031113,83012.75,87813.14644428607,88574.84494714145,93696.88187204092,99792.39070534232,107095.95364413169,115913.80825660442
206031114,84343.75,88511.75149586928,89167.84713894324,93574.24026538781,98776.4013037112,104954.19220027041,112338.88302869069
206031115,68861.0,72357.57528739056,72908.693575548,76610.79979230626,80987.15009165755,86191.79038971747,92423.29653922543
206031116,83533.50000000001,87038.52347311685,87586.33734630312,91261.41582766834,95569.35911089106,100644.56857149422,106657.38800692801
206041117,60361.25,61512.6273916643,61688.6283404865,62865.325178176536,64214.36000426113,65764.5919278506,67550.70590721325
206041118,71102.0,70357.91392915105,70247.46905334867,69512.32569261354,68693.94438881458,67784.10474363877,66774.09214861484
206041119,136472.0,145441.36992356015,146875.19970076767,156528.30069374025,168101.77555658363,182084.6264105725,199123.8274312488
206041120,59719.5,52366.823373194835,51399.71132879696,45071.36872526247,38828.52343545096,32778.10760757729,27032.03979528681
206041121,84039.0,90213.81013064235,91208.08626800454,97909.64881734682,106002.85765884437,115860.3250748764,127981.22992610358
206041122,52299.25,51946.94066096882,51894.45025528722,51544.86781445248,51154.236866610416,50718.10748087929,50231.645054343535
206041123,68239.75,71342.20764766273,71828.73385354193,75094.36136046935,78935.2196602364,83477.19007710574,88880.92234802719
206041124,73682.25,76250.75096830985,76649.45647953499,79321.39175822299,82432.10302831879,86068.89348927878,90340.78919791567
206041125,137315.25,143205.42785292937,144126.8536664045,150309.2172529562,157562.7198710108,166116.69829446918,176262.3627379308
206041126,75339.25,75877.6670668434,75959.00680199018,76501.85300291023,77116.91940209326,77814.43229988276,78606.2318415031
206041127,115120.0,120105.67270145545,120885.91189578867,126121.29750149908,132266.18499957531,139515.9988538851,148119.0907860068
206051128,122680.50000000001,127302.97474088962,128022.47146430517,132846.22618172163,138477.42360564764,145081.0581248926,152864.42122407747
206051129,94627.0,99669.8857666728,100466.6306412308,105820.72346554349,112165.07600452639,119730.38652791378,128815.40910012559
206051130,110353.5,115734.5737837311,116581.09375934438,122265.83839641622,128973.02652226602,136932.54455947445,146439.62308320007
206051131,54793.5,30562.946302666744,28535.63345113651,15916.724299043975,7998.268220032078,3521.8020690276053,1304.3368961059714
206051132,95394.50000000001,97737.93482390145,98098.0852729565,100507.93562268,103285.61694569874,106496.86930371178,110221.84935789385
206051133,79688.24999999999,83650.88415375215,84274.83658815602,88465.5465832445,93414.53430554055,99293.61182633547,106323.82614239227
206051134,75709.5,80182.86412282253,80893.51565459634,85673.18202008883,91368.01894384077,98200.57377745982,106462.00829668391
206061135,112115.25,113091.98615839075,113239.77296541093,114226.3058485225,115345.82423301398,116617.62621482917,118064.17918075503
206061136,91546.24999999999,97788.55681959378,98788.74990524152,105524.90444169316,113619.81476803133,123425.1777181052,135408.1865847452
206061137,95399.75,96712.21648082281,96911.79490070937,98245.06340931193,99765.62579768206,101502.73435660441,103491.00863037835
206061138,195093.5,207873.83552401722,209916.4694646621,223667.83950915615,240151.57058792832,260062.42659634608,284319.2894852425
206071139,81256.75,87650.2586226193,88684.7437902119,95662.70776388182,104130.59369730183,114500.22217110083,127327.7718101133
206071140,91005.0,95509.80232414111,96218.97123709324,100981.8682785231,106605.36450710235,113284.10530389888,121268.40868884021
206071141,81095.25,88171.58154398043,89325.65285597893,97120.16529649067,106654.15527000539,118432.80699859226,133147.1998064657
206071142,89393.25,96369.75956721605,97497.90607091346,105106.92660084453,114335.13358389863,125628.36468962328,139588.1500620455
206071143,96903.0,104603.25341201716,105850.07480917822,114261.29427309209,124475.84940785427,136994.51212879716,152494.39915615055
206071144,89879.50000000001,94348.92952029101,95052.68158411955,99779.35742293579,105361.29108166166,111992.2688833928,119921.60917023658
206071145,103590.25,111981.37448145804,113341.99913418166,122523.04487653897,133688.37546104955,147394.036077279,164393.63837561072
207011146,99342.75,105771.75763413317,106798.51716712203,113710.02789318438,121988.66893219452,131980.2059327665,144141.3415757005
207011147,88798.99999999999,89405.06117721503,89496.59081711982,90107.41311452584,90799.2782309854,91583.602821115,92473.58985942433
207011148,84384.75,87945.83730079501,88502.54240041843,92237.40302191938,96616.4362610962,101776.73342335268,107892.13143549925
207011149,102560.5,104722.04052576091,105053.10502116139,107267.17909315068,109810.50863064939,112739.5951559998,116122.71428829587
207011150,104600.25,109612.00612683916,110399.78910529472,115689.42100818416,121925.38182201367,129318.98906549213,138141.1926541461
207011151,105720.5,108468.76296903148,108891.7188071581,111722.4193660081,114989.7413276757,118772.97546282718,123169.14347012808
207011152,97505.50000000001,99617.1201314521,99940.72267126809,102105.08100945946,104592.715426554,107459.4874873823,110773.00303228744
207011153,114801.25,119410.45765691918,120129.59738198556,124952.7352840177,130596.61757843614,137232.77426588134,145077.81256598124
207011154,95079.75,99740.76312025214,100474.18901618812,105399.64909839434,111212.43037655595,118112.4554815896,126356.59931012364
207011155,113728.25,117056.75549679715,117570.64371820432,121011.6052548324,124995.98264062112,129625.99363160272,135027.69521329587
207021156,66997.25,69251.03142975307,69600.47119473064,71941.82474999965,74664.4557867155,77843.3331093603,81571.83021283103
207021157,60347.5,62299.569434388,62601.85143099532,64626.842701794354,66978.64840731771,69720.71124062588,72931.82250510498
207021159,81663.0,85018.55235631538,85542.56727804815,89057.53198905708,93174.3518796771,98019.86880132434,103754.56444204405
207021160,66698.25,69654.85957710109,70118.0101655737,73226.21136099946,76877.94109199471,81191.009324888,86315.43322216383
207021424,61349.49999999999,63055.90590500429,63318.98621580151,65080.17240277173,67116.61669812271,69479.30493204895,72230.89890955843
207021425,57817.75,59962.29809521712,60295.91199103183,62532.37887550497,65141.72731534771,68199.73743818408,71801.49829198423
207031161,73042.25,76872.61695128976,77477.30190711199,81540.24488463665,86350.75101782611,92081.84331721798,98957.24079836083
207031162,65990.75,68784.1470354982,69220.89331982948,72151.02274242506,75586.95519760188,79636.45609883535,84436.21139242723
207031163,55384.75,55158.71219908825,55124.944905726974,54899.9674286801,54647.90072446696,54365.6276834786,54049.71079181364
207031164,67820.75,70570.90166496171,71000.1523353946,73879.22971448168,77249.53264435258,81214.09234685187,85903.12243050557
207031165,54624.75,54985.436888144,55039.89716336107,55403.32526567034,55814.88155848208,56281.32172847652,56810.452170201366
207031166,55185.49999999999,57043.25185178361,57331.29546856539,59261.2828805102,61505.61069781063,64126.10066338245,67199.75567777494
207031167,92237.5,95692.00025954805,96229.58211031365,99833.59475567241,104039.95958960082,108971.5037452888,114782.46818261055
208011168,97050.25,101072.40513383466,101700.73256194238,105915.62251419663,110853.89107048439,116668.46833088726,123552.9813007379
208011169,140595.25,146165.96862941014,147034.6851946173,152860.54958180754,159674.33596622953,167681.53711616917,177141.36835506174
208011170,105003.24999999999,110970.62926901529,111916.60546389902,118276.87365849143,125838.81421135839,134889.89751475444,145804.75053684923
208011171,81642.5,87388.85167433781,88311.47238194224,94527.21512849226,102012.10288351709,111099.35654942351,122233.1976071453
208011172,106093.75,112282.64642365187,113265.13455639695,119872.3681227525,127739.11219736368,137169.99509953408,148563.04775681882
208011173,106079.5,111876.69361695947,112793.79473563381,118957.92132818047,126271.53861509082,135005.2102320602,145510.17107983705
208021174,79353.5,83460.07850475748,84107.9428668707,88460.5658797997,93610.67319271913,99741.85869616985,107091.21101280658
208021176,70279.25,73336.84643552914,73815.43964815068,77026.88292842475,80796.93970929684,85245.84337383008,90526.45009765719
208021177,98181.75,101552.12273892775,102075.03331965105,105579.05427696432,109656.3992227303,114420.5575989259,120013.09364312886
208021178,88026.24999999999,92995.1421051863,93782.54840857956,99076.37115340447,105368.09973708256,112895.78683196333,121969.45030019686
208021179,93537.99999999999,97385.53646907356,97986.40628100837,102016.92084877376,106737.76212565353,112294.47303874265,118871.21214504253
208021180,69835.5,73382.3386706017,73941.3852512149,77696.75557958467,82136.11793008985,87415.75908357088,93737.1476772269
208021181,73714.00000000001,77484.0020034504,78078.42404564394,82071.63856497985,86793.76084898945,92411.80508823301,99141.20942159303
208021182,75813.25,80894.51022254788,81707.78374073168,87184.11553490123,93757.91135019343,101711.06350056903,111417.32717171713
208021426,72853.5,76944.2100431813,77592.27043723571,81949.0615310176,87125.66361826796,93317.21412754104,100777.7085242913
208021427,73588.75,79075.4394046713,79959.8049677866,85921.5126298455,93128.49378663837,101916.42348264824,112735.76157155794
208031183,68939.25,72318.59486736514,72850.34449993314,76421.4079764234,80635.78627909113,85638.4214274156,91615.54425904057
208031184,77391.5,72550.77743772688,71870.08604670863,67374.7196682457,62633.75824059516,57675.48512987484,52539.00335091473
208031185,71860.5,75419.50285922081,75979.7930596445,79742.81030475524,84185.87013750817,89462.8125194835,95771.48842319072
208031186,69190.5,74185.51947439354,74988.86266708457,80402.47912287994,86932.47157320683,94875.34768736172,104627.52669765444
208031187,62066.25,65789.15380897459,66381.08587665544,70362.80536919882,75110.92855424737,80813.02402753908,87714.86954829235
208031188,69138.75,73905.06690917932,74669.3018065775,79816.88627689703,86007.14349932395,93511.28406179215,102690.02218899035
208031189,77119.25000000001,82868.3413424033,83794.99259440122,90041.74767126232,97593.24111797869,106801.1539171226,118137.41720193325
208031190,74400.75,78913.05539149161,79630.9509879112,84460.46103280128,90223.17603092895,97148.56749518469,105537.663023681
208031191,69964.0,74396.07125162202,75102.99628870096,79860.61207341636,85551.98782767526,92411.0896888518,100746.24624154676
208031192,152456.49999999997,222657.22833972157,238036.07371484707,347643.1140569114,527729.8914997859,835277.5406185618,1382903.521506244
208031193,77489.75,82351.10169133403,83126.05128303562,88340.99867928744,94575.8716303765,102085.1495619512,111203.84935264339
208041194,122436.75,128681.54520508074,129666.04115480058,136279.56096862527,144099.2531157813,153401.1855826934,164541.3779674794
208041195,103980.0,108698.6934584403,109438.61817535223,114405.02798189945,120245.79100646885,127152.11392037108,135367.9753188473
209011196,59303.5,62891.87584691289,63462.70140085855,67302.74498828062,71884.19444093089,77389.17835725663,84056.56134250376
209011197,70300.5,74760.63386606789,75472.09915071327,80260.33913997836,85988.8665158555,92893.43829784513,101284.79311667696
209011198,77687.0,83142.0243830944,84017.73416131265,89917.28992305275,97020.32691915278,105642.48783591272,116204.44818513947
209011199,59911.75,63718.4629630427,64325.75092979356,68412.92364502723,73303.14816173843,79197.90367491757,86362.7912330359
209011200,93495.5,98454.62121761088,99237.94512258828,104501.65299355033,110737.4173909298,118171.26152806578,127095.75250351062
209011201,114681.5,121103.40905627568,122120.63730934747,128959.12151730651,137083.22365371484,146798.61143845256,158503.0423175138
209011202,77314.0,82722.80261308416,83590.8820895088,89438.80848674274,96477.97951250788,105020.30734185455,115481.32275603649
209011203,69046.0,72961.98653599834,73582.69915566058,77755.98738634711,82717.21359294078,88654.71338310458,95813.87329856148
209011204,66173.25,69889.2368894292,70477.93584556329,74435.65419242014,79138.11560198909,84762.5966523288,91539.84699370798
209021205,58036.50000000001,58759.98151776272,58869.85658072872,59603.726700213854,60439.62254144408,61393.193499427536,62482.886144117954
209021207,55284.74999999999,58380.56852814295,58870.94511228128,62167.58229790458,66083.97872311529,70767.48786931361,76409.85695755923
209021208,58887.75,62483.79507332482,63056.14130009372,66906.73376227941,71503.18351809216,77029.43429186285,83726.96080261839
209021428,63547.5,68145.00293498997,68884.52105371654,73868.14413440171,79880.34187062574,87194.5700567401,96176.51840512482
209021429,67844.25,72170.41989300055,72860.72488798459,77506.77631301463,83066.87783175061,89770.71499934477,97921.18731054907
209031209,78463.75,83327.46119670193,84102.24070828878,89315.46349971317,95543.8835961902,103039.48792985486,112133.59321001176
209031210,66892.25,71416.7605731485,72141.34201938455,77020.89480356847,82881.6945898459,89976.81009810496,98642.11727906574
209031211,59221.74999999999,62634.84792097354,63176.31841758898,66817.3280305409,71149.53442108663,76339.26269049318,82603.56978657343
209031212,69264.5,72183.74825679959,72640.09085928988,75701.60806673013,79290.97579202871,83520.47680619503,88532.47445227319
209031213,79145.75,82814.3483300583,83390.1453500913,87255.48174496612,91805.548917812,97191.30327753907,103605.72542266532
209031214,84676.0,88818.93009412734,89470.77468719117,93848.29801134973,99013.96248980975,105145.20871069214,112469.9843358458
209031215,73182.75,77680.33354987958,78396.4322008385,83214.43239672812,88967.79428928616,95887.83075903777,104278.40290431172
209041216,60529.49999999999,63415.7087364682,63869.28337177293,66914.74192767666,70504.25037965375,74759.06844762983,79834.60662647855
209041217,52621.24999999999,54887.522773819685,55242.104141094445,57621.25090373263,60413.06326339974,63706.026810982716,67612.53832203083
209041219,50320.0,52915.24207522169,53324.60573575673,56074.80963977191,59328.36028572443,63200.978034091546,67842.05325644788
209041220,58789.49999999999,61646.26305427302,62095.600351054185,65113.0170141623,68672.56453588129,72895.96987980728,77939.5106981017
209041221,56105.50000000001,58692.81258547438,59098.806612831635,61824.1559303833,65031.563739165635,68827.09616483835,73346.28489055646
209041223,49960.75,52678.19652586456,53107.98445580363,55996.61418724465,59423.07956794288,63513.728956267216,68432.50711777432
209041224,61831.25,64834.979655015326,65307.427044657496,68480.02755502705,72222.5918042734,76663.0821514708,81965.77728117324
209041225,64560.49999999999,68625.57318261702,69273.72796112642,73635.57109732709,78851.62012922335,85135.34482298204,92767.88238101204
209041430,65730.5,69009.28669442236,69525.63769815408,72993.7344843635,77089.96448533672,81956.82745612014,87777.71131355227
209041431,56464.99999999999,60273.23206341651,60882.993300225986,64989.19302045433,69920.22409661772,75888.54174421098,83176.0296619521
209041432,50741.24999999999,52836.119066177205,53163.322529065656,55358.18765007355,57929.35359939967,60956.26319009293,64539.46793817647
209041433,56650.99999999999,58784.42914178835,59116.494985854166,61342.772600780765,63941.65463362534,66989.265812966,70581.24182808251
209041434,62093.00000000001,64679.78298753823,65083.96517136691,67795.35121917941,70972.73584891137,74714.82340294163,79146.63913246385
209041435,64102.00000000001,67388.124928,67906.31265344635,71387.46186531262,75504.51956600892,80403.32829997115,86272.05768633037
209041436,60051.74999999999,63201.75506903976,63699.04078221137,67040.36391362613,70996.52958619966,75709.85852606756,81364.37647176276
209041437,58282.24999999999,60781.19888843127,61172.11321328943,63794.969817441495,66872.20027829197,70501.07288067727,74805.09364109214
210011226,67445.5,72082.6108597632,72826.0000946667,77833.03890247589,83853.24015661328,91149.82091790426,100072.75916120094
210011227,51546.5,59664.016585049394,61073.39542985884,70691.20265842255,83215.1691012739,99800.78286138907,122178.48649757178
210011228,70554.25,74240.60130639344,74822.444932284,78731.8028749122,83359.62075874589,88871.9394261281,95483.37493923199
210011229,66866.0,71274.70184761788,71979.60922144914,76725.46864425617,82416.58490353127,89293.99694805474,97676.72188366254
210011230,74073.25,78294.70838887268,78964.01448830645,83464.19912150028,88815.43217791399,95221.5451196502,102948.24252189678
210011231,82811.5,87949.07102216136,88767.51640482464,94274.59476943173,100854.42039135763,108773.36253715355,118381.6792256243
210021232,75638.5,80530.75800133753,81312.06099885695,86571.2819118431,92870.58950581535,100472.97157077306,109725.77335969867
210021233,88279.25,92948.0270318586,93685.38085016175,98640.0690054662,104508.88358723799,111504.12572736078,119900.52346745144
210021234,68278.25,71620.60285346677,72146.49798035044,75678.20908003826,79845.87869403556,84792.71414761529,90702.69425977302
210021235,68212.0,72679.66963920725,73393.7128136517,78200.76820634284,83962.90826400032,90922.96510464972,99402.09768383982
210031236,64595.75,69094.6449909487,69816.47936608442,74678.98207416893,80530.28824648607,87628.78208686874,96318.51152105951
210031237,52101.50000000001,55096.15834419303,55571.17586859756,58765.26213312955,62565.1453979132,67116.43591151477,72609.10592201458
210031239,68856.75,73486.85660379482,74228.07365234857,79219.36200105379,85212.14197604793,92464.02845691015,101316.71013091801
210031438,54331.99999999999,57225.02526311811,57682.085863966895,60753.49371999658,64392.814307752735,68732.30724095847,73943.2346613034
210031439,73449.25,78113.27582737501,78857.30453274588,83864.74170899892,89855.82720686334,97077.28492372853,105854.33891569977
210031440,60329.25,65724.68892539872,66606.38448349321,72563.2077412382,79863.96400869933,88903.67949499005,100224.45446003551
210041240,68225.5,72600.41142256376,73298.72884614162,77998.95744231738,83625.78826210274,90412.63132284215,98667.48184538767
210041241,64093.74999999999,67668.21901812204,68234.29126165228,72039.67571939257,76559.48517899423,81963.29311002075,88471.67190679742
210051242,42875.25,44396.258856936,44632.50390368053,46215.851726602355,48060.308838406454,50218.136120839925,52754.68499381345
210051243,44845.24999999999,47019.19580497441,47361.09550496547,49657.00097749629,52365.104568912735,55577.87196476828,59413.98808647896
210051245,59668.75000000001,62975.40179340338,63498.88617663697,67017.7918995672,71195.94318472849,76189.40596109828,82201.05583611305
210051246,66410.75,69523.53002966559,70012.33219467998,73293.92424846515,77158.75556957658,81735.95996361221,87190.78445340923
210051247,44019.5,46163.46978335234,46500.72855836185,48765.546580670074,51437.563314840605,54608.291308818974,58395.24252010471
210051248,63357.25,64597.776937267896,64787.499381924914,66056.03042109573,67511.07022703193,69184.04702615857,71112.78579892016
210051249,50363.0,52289.141689263015,52589.11278620959,54600.39254593147,56949.61923763868,59706.21134763976,62957.48646567349
210051250,59211.25,62962.95683924869,63561.369866654284,67588.70632789674,72406.53466726863,78212.94165198348,85268.97871257245
210051441,52975.25,55408.371541053566,55790.102544733316,58352.50857923392,61367.61636633219,64934.87903074469,69181.33271776701
210051442,57712.25,59995.02121949711,60350.98093624612,62738.125474012035,65529.887805179715,68810.37881168767,72685.68389700846
210051443,54373.75,56683.278682174176,57044.42259237759,59467.38827223526,62309.004745759805,65658.58149553073,69629.42834599742
210051444,54441.0,56335.396225004675,56629.44362111089,58599.991631249344,60893.99896575802,63575.78587241495,66725.66602739636
210051445,58065.50000000001,59191.309148292414,59363.45470117291,60514.429382813854,61834.38116964468,63351.71683798008,65100.60709957954
211011251,56498.25,59250.17727087299,59683.07256931792,62590.126770341805,66019.85975039055,70089.73969406444,74950.6092912022
211011254,60976.25,64493.33894705317,65051.33195966686,68803.47022048858,73268.1005513191,78616.7313082405,85073.20209033787
211011255,76165.25,79924.27678054917,80515.95900472773,84489.70879430199,89180.81087554514,94751.32153488728,101409.59136437003
211011256,61829.00000000001,64466.06230797186,64878.49261508273,67645.61851835246,70891.40811152014,74718.12926064846,79255.57794049608
211011257,64971.75000000001,67937.42471309153,68402.58142168605,71524.85850414848,75197.75321994578,79541.9436978412,84711.49341256627
211011258,66008.75,69080.0785658368,69562.21377964444,72798.88186204666,76609.55766035926,81120.97256546866,86495.19313162482
211011259,59291.0,61807.28557157374,62200.74692549395,64840.520955780674,67936.30152536376,71585.33709791662,75911.00121471737
211011260,60052.25,61389.47450581738,61594.524715530824,62966.09210682394,64543.46475440832,66362.46334614416,68466.50875661039
211011446,58581.25000000001,61954.13167126199,62489.19354303739,66087.07948014616,70367.7475517825,75495.43051433377,81684.43367346136
211011447,59970.99999999999,63673.89354533734,64263.62270463648,68231.56310437957,72971.12041430303,78673.49832222695,85589.99170005508
211011448,60879.99999999999,64348.04338277528,64897.883575075306,68594.80663172217,72990.76566401323,78253.15337627694,84600.16498322967
211011449,62892.75,66602.52762068063,67191.81788016514,71155.1793529054,75876.96570274366,81541.47497955427,88389.78515955702
211021261,79775.5,82950.44638770631,83445.64206830488,86766.65465806737,90651.48660995098,95217.60152112164,100613.22537867619
211021262,97426.5,105104.58088400029,106347.05824894663,114728.15902759416,124899.96644418109,137357.81217053553,152770.78858920175
211031263,61163.24999999999,64260.2207579669,64748.288407874126,68026.78580341137,71901.85109491565,76509.63036623466,82025.57910643461
211031265,69579.75,73163.21021294945,73728.41227141421,77525.53473791556,82017.29962458975,87363.31537635301,93769.60246516552
211031266,61624.0,65372.65165119973,65969.15455239627,69982.12644875306,74771.34721663424,80527.93922793747,87502.70058392944
211031267,65614.0,69440.41129323191,70047.84470830893,74132.82450009769,78996.42847904497,84826.95314571136,91870.42155012282
211031268,70353.75,73982.47917729824,74554.86312442156,78400.27871533271,82949.50389868076,88364.35031949259,94853.71172627354
211031450,59320.0,62364.15519745487,62844.21125067271,66069.22022418395,69883.54220925467,74422.38982780174,79860.23485794014
211031451,63898.49999999999,67709.87745777462,68315.68487252906,72390.53578977427,77248.17897855875,83079.73689097416,90135.49977578895
211031452,61160.25,64804.161444915895,65383.31365301013,69278.83410831778,73922.40045345118,79496.56350382062,86240.36044115837
211041269,60203.25,63135.45926844417,63596.712719464864,66694.20115204276,70348.59728706347,74685.05896271039,79864.30235885596
211041270,66411.5,69571.95354412038,70068.58197552885,73403.07221044373,77332.89422442358,81990.63624527131,87546.19756279161
211041271,64584.5,67896.28895505796,68418.53077743977,71926.92264468374,76076.25625389676,81013.54502904526,86928.4742984151
211041272,64362.75000000001,67709.03433853536,68237.0734943772,71784.78782202354,75983.47184559557,80983.2694885891,86978.1581641877
211041273,61912.0,63785.9371362049,64075.53568664867,66014.95818705946,68262.84820681672,70877.83580728887,73932.39256817396
211051274,67745.25,71831.37168311486,72481.25870551626,76853.03743267526,82067.93767291727,88332.7924848598,95918.77737385173
211051275,64864.49999999999,68686.90173470035,69294.04955594751,73377.48032666287,78242.05161141261,84077.50399153875,91132.01040161593
211051276,59707.50000000001,63535.393410886216,64146.38879788683,68258.86275863842,73182.00654060762,79120.00809276033,86342.29670171654
211051277,60566.25,64707.66022001571,65371.34906986643,69841.32324086362,75213.8989918846,81722.99554105334,89679.4468727623
211051278,66605.75,71599.70282831507,72404.96109455932,77833.7260321543,84399.00306587362,92407.9436991643,102273.00041520882
211051279,61383.25,65394.67703899665,66035.71341866216,70351.1813410523,75523.35306442897,81769.83267847923,89378.34406818164
211051280,65591.75,68938.50853853971,69466.13710940162,73010.58267626422,77201.5425126383,82187.01340098395,88157.86020076199
211051281,62459.75,66595.80493276323,67257.29631119533,71711.04247848286,77053.2974882902,83511.06388087988,91384.9230048061
211051282,68165.75,70884.40405750152,71308.46637480421,74152.46136413643,77479.56113501113,81390.49009848987,86012.37325021096
211051283,61494.25,65464.934269611054,66098.99497784508,70367.00767164376,75478.5557719795,81646.7703412882,89153.09637463532
211051284,65864.5,70035.51598452454,70700.7892121112,75178.07396979122,80533.99509179911,86988.67549789484,94832.19066164047
211051285,64348.49999999999,68445.92785786443,69099.67794892062,73499.63980346841,78764.7882627635,85112.39544508368,92828.94712529669
211051286,54735.25,58231.98638553194,58790.00495381131,62545.77750308431,67040.94940694833,72461.46985996493,79052.60920493871
212011287,65781.5,68258.26527119537,68643.76811218198,71228.301772014,74245.37735062715,77783.35871356618,81953.25579951867
212011288,60240.24999999999,64058.01066321287,64666.967681005015,68765.27413593838,73668.06800573706,79576.96281276568,86757.66409127208
212011289,66077.25,69620.25645084846,70180.20337141889,73943.20672381013,78403.57569681128,83724.1792166343,90116.05680014595
212011290,57073.0,60507.310038623975,61053.4549642695,64727.28485364744,69109.04610089175,74372.23238028,80744.25315043214
212011291,57883.74999999999,60958.81780273472,61444.58236857046,64708.81899619173,68576.1739374179,73186.9744495664,78722.88925622274
212011292,56296.75000000001,58544.23416749706,58894.81543388373,61246.01981487046,63996.72287211886,67230.24693644358,71051.76213298138
212021293,69066.75,72264.6068251511,72766.49492503854,76135.6534917636,80101.45156464922,84795.3687853163,90385.47031593078
212021294,64532.0,67781.82032503534,68293.84243195948,71733.1084892666,75797.13375099229,80628.18954824093,86409.53207625297
212021295,45361.75000000001,47466.99441443169,47797.43677455065,50015.721712714956,52627.11200554197,55718.313438117446,59400.18176086083
212021297,50574.0,52456.391782477345,52749.26009671909,54712.61624291722,57003.603738768674,59688.886794045866,62852.13857124581
212021299,77301.0,81692.28422425034,82388.3956050027,87068.68255965457,92633.1157321786,99293.16975807806,107324.42406152283
212021453,56735.75,58572.50791884582,58856.94106129992,60762.370223219594,62975.37499110859,65555.67930080405,68577.46046653521
212021454,54602.25,57088.075549759305,57477.92486033217,60094.6685689698,63172.526539102815,66812.45962382395,71143.32950551287
212021455,57054.25,59828.60253366247,60264.9915012453,63195.4713842098,66652.57283887136,70754.57238337897,75653.32741626925
212021456,52158.5,54152.91548456428,54463.51705432774,56546.0708424348,58978.5296782784,61832.76338438053,65199.171518837684
212031300,52101.25,54505.993905372496,54883.35420858081,57416.50670567991,60397.836211004564,63925.98681038261,68127.0159893015
212031301,58707.24999999999,61592.97173379989,62047.10689729728,65096.997411551245,68696.77934248964,72970.48034525252,78077.49948442414
212031302,56763.25,59594.64789326857,60040.54244783094,63035.414401031136,66572.70537676701,70775.46839850377,75802.0642791487
212031303,64570.0,67547.08468668304,68014.23674983344,71150.12249715206,74840.65111198294,79207.85033998081,84407.64503619296
212031304,54744.49999999999,57051.090049426464,57411.65634362115,59830.6236415833,62666.62198453078,66008.35116016594,69968.27079780321
212031305,50462.25,52751.52601939484,53110.495754699994,55519.91238414887,58353.47518648977,61703.9265519955,65689.6018669885
212031306,59291.00000000001,61740.57738720284,62123.19445110934,64689.78250575915,67696.48600140476,71236.24390244394,75426.69685058363
212031308,64246.50000000001,69117.40184975768,69903.43084866134,75203.21761720363,81617.51144292623,89449.07179160704,99104.98405137048
212031457,61195.00000000001,63566.06160047975,63935.50121422587,66412.7462805953,69307.62824071237,72706.32940382112,76717.36656027084
212031458,54793.5,56659.74976798574,56949.22181720317,58888.89480767328,61145.34967103712,63781.12993739951,66874.20529193936
212041309,58349.74999999999,62059.54852392488,62651.39790162445,66634.68940599725,71400.80119654704,77146.19040605692,84129.85505402571
212041310,49869.50000000001,52457.97820317644,52866.40319188184,55610.435763744856,58857.70515583915,62724.203854215295,67359.764031196
212041311,47114.25,49590.13934662804,49981.039226301764,52607.580507417326,55717.71951305713,59423.479832726785,63869.73719014349
212041312,51390.75000000001,54099.82081194704,54527.602792633865,57402.033252803565,60806.234289673645,64863.08059542419,69731.52864130266
212041313,63921.75,67207.5864269095,67725.79768281114,71207.1775428382,75325.05651292473,80225.57232387815,86097.32392677348
212041314,56970.75,59683.325964579664,60109.58563861685,62971.61250756548,66344.69769349338,70342.68339766904,75111.45443655523
212041316,50560.0,52596.19224405795,52913.92155195253,55044.912783494794,57538.82650076483,60471.59483680657,63939.12864001329
212041317,43792.50000000001,45371.46105028245,45616.84474541108,47261.58348126278,49178.62919521002,51422.7857076148,54062.6697179107
212041318,45400.75,47080.76922839645,47342.09728219975,49093.954547701105,51137.72334211373,53532.68000562034,56353.190880082744
212041459,47548.25000000001,49633.493383016685,49959.99724063375,52151.00855359612,54723.99470328693,57761.416123774536,61368.179190117386
212041460,45020.25,46753.48375877292,47023.47798267532,48833.83397791054,50948.89344167251,53431.39218838361,56360.28376149233
212051319,65960.75,69271.29365655985,69792.79843431726,73295.67106888084,77434.18653109402,82352.8999460634,88237.95050779602
212051320,44225.5,44092.699686173575,44072.83945500905,43940.49755020646,43792.0599780501,43625.631834231965,43439.11173106048
212051321,60634.25000000001,61979.50954451467,62185.77545885953,63565.45786556987,65152.03712987991,66981.48953901674,69097.41537039945
212051322,58896.75,60499.772237376514,60746.77011141726,62400.14526942514,64310.81815108186,66526.14237302667,69104.23267232829
212051323,67105.75,69827.34259449311,70252.13833516727,73101.33828361127,76436.68687199955,80360.15635766494,85000.62369755833
212051324,68065.5,71328.9003565411,71841.87996924185,75286.33886113578,79347.14276645298,84161.9583240683,89907.31132218655
212051325,60578.75,63193.487358555794,63602.626798245066,66347.88259159922,69569.59933521796,73370.02560436292,77879.06471421146
212051326,64311.25000000001,67787.21457345215,68336.79016805725,72030.33152649143,76410.15217490224,81637.055890955,87919.56738963281
212051327,69938.75,72647.71703286693,73069.80122179312,75900.04457913048,79207.39648887643,83090.30034529867,87672.70829817554
213011328,51518.0,54480.81480889812,54950.79587837861,58111.03175300879,61870.76143230406,66374.11470960644,71809.14314786435
213011329,55532.25,57698.18106526528,58035.74243576231,60299.317519382224,62945.16179290285,66052.3442713746,69720.47802547328
213011330,55250.24999999999,57879.8735986547,58293.09059270135,61067.53752572128,64337.34567162179,68212.84374591926,72835.40914005399
213011331,51946.5,54326.814386704216,54700.22230986116,57206.71891925893,60155.73806524784,63644.41002507703,67796.77828236979
213011332,57265.0,60229.812791114295,60697.5595457712,63840.08815715204,67558.47021772066,71985.30040102925,77291.81543882836
213011333,46989.75,48542.487488101935,48783.094450541066,50395.09152520038,52268.51373548975,54454.46311097913,57016.503381752795
213011334,44561.5,46355.91597225402,46635.91708093218,48513.8663081965,50711.63374537044,53296.130386008546,56351.87158855859
213011335,44284.75,45948.94294941106,46207.952789895535,47944.4184860926,49971.35458958624,52348.06160160126,55149.026411495135
213011336,51430.49999999999,54122.13793172249,54547.013830468204,57401.75588991309,60781.42041657258,64807.4019947809,69636.63402606809
213011337,48635.25,51334.638954925824,51762.020814996555,54634.954073746994,58046.39157076812,62123.89735702717,67033.32173456303
213011338,50283.50000000001,52646.7600195404,53017.90955103438,55509.6833130352,58444.67773824278,61921.12801223632,66064.77200381194
213011339,56913.25000000001,59786.4915175998,60239.23590388946,63280.38842263586,66874.40772699783,71147.3176777877,76261.48397116683
213011340,65238.25,68888.06810858296,69466.16972484642,73352.52296386864,77969.27444711271,83490.01650914155,90140.61965142064
213021341,74855.5,80816.77993860173,81782.18284610428,88295.08418181828,96205.60082069588,105902.23925458618,117910.45581328812
213021342,60523.75,64004.54460370206,64556.69150504816,68269.42548837917,72686.46555641055,77977.14153659015,84362.38478503021
213021343,68285.75000000001,74307.55457975293,75290.48053241201,81929.99991210508,90058.15629577376,100109.5126503448,112679.34508928133
213021344,86220.75,92046.64399212258,92979.57601294486,99262.16057969845,106807.64328643864,115941.58338245563,127096.0183578088
213021345,62722.25,65903.42703854768,66404.80526283802,69772.75589839989,73753.86985879998,78488.17305194683,84156.14898517479
213021346,97232.75,103174.40787095918,104120.11860002122,110482.64688606703,118077.88973926599,127209.94855230102,138278.06491296308
213031347,54281.0,57125.634313262126,57574.69072213734,60591.93323431742,64164.216886670554,68419.97119532387,73525.24523291663
213031348,59637.75,63641.26509722535,64282.10608876996,68597.39937545217,73778.00334749625,80046.33783619896,87697.35639268413
213031349,67729.0,70431.87708571773,70853.48830102965,73681.05507408139,76989.01311033833,80877.54290149693,85473.08923454494
213031350,81340.99999999999,87836.38323659514,88888.49282076203,95986.57160260866,104609.56940373666,115181.92427452945,128277.87914946233
213031351,65295.75,70065.30938764982,70833.0025088831,76007.03316281796,82252.99964406321,89857.14020254868,99202.6609512824
213031352,86186.00000000001,92522.68750150368,93543.07484543942,100420.67948221706,108726.85766241343,118844.22332399889,131285.39288628858
213041353,64913.0,68246.4478890153,68772.14222831967,72303.76690032761,76480.87231887967,81451.59880878127,87407.11171696319
213041355,63912.25,67001.65616186462,67487.4675581187,70749.69347134647,74597.09919294855,79160.80758077173,84609.07837324437
213041356,54944.0,57405.94923706737,57791.78900008241,60381.342924760465,63425.128893930094,67022.00288807531,71297.96442502622
213041357,57428.0,60042.17574354408,60452.15206019724,63203.99000616099,66440.73218359136,70268.5436897028,74822.92731274347
213041358,56493.0,58905.432492045125,59282.75015786686,61814.31393919607,64783.942332942985,68285.271558242,72437.15487066156
213041359,60192.75,66918.08190297853,68039.59482050157,75641.65416671938,85149.52070723622,97190.36082060957,112651.81361173955
213041360,65322.75,69361.35035864213,70004.59358041627,74332.65044790067,79502.74589477677,85723.65124187495,93269.7875882259
213041461,58019.75,61263.457188352644,61777.2151323248,65230.99073117053,69333.71459210271,74239.57631963545,80149.18660897452
213041462,60700.0,63505.363313050955,63945.61607191522,66900.98156381954,70379.4289146765,74496.14774126411,79398.35653969478
213041463,65552.5,68617.51814846616,69098.76738784167,72329.59727351158,76134.22668282292,80639.579192902,86008.03783039855
213051361,57497.00000000001,59806.46878381975,60166.803686667,62583.50986153818,65411.509499919055,68736.77347638195,72667.86921553522
213051362,52703.25,54266.59809514182,54508.05640016627,56124.94086446558,57997.89313617957,60175.27977632139,62716.802382791335
213051363,58572.5,61534.549301568404,62001.32560985566,65136.77284565724,68842.53278552897,73248.69423837631,78522.8867319001
213051365,55759.0,57293.83738773136,57530.40024855012,59113.99768093994,60944.58414234246,63067.76776853787,65539.56260429179
213051366,56485.25,58646.31400766803,58982.875601316904,61239.49603817018,63875.32184362905,66968.25633210521,70616.29248475995
213051368,65393.5,69544.17448960272,70206.29357855149,74662.44704588469,79993.81719078062,86419.88878130498,94229.9666487361
213051369,59440.0,62315.930801571434,62768.192674436934,65805.15395760287,69387.04246391047,73636.00647825381,78708.8028087774
213051464,68939.5,69387.95387537108,69455.65953791465,69907.47104925767,70419.06543053561,70998.82103286154,71656.41581207029
213051465,66331.5,68749.79351129805,69125.76234861845,71645.9282208088,74584.4791919646,78025.93897350486,82076.22564881301
213051466,69964.0,73539.06492135853,74102.72680036028,77889.27501316948,82366.8151295984,87693.61793795382,94073.82622654938
213051467,54179.75,56690.08967150115,57084.087561164706,59728.995476321885,62842.38332406045,66527.51648056605,70916.40319704454
213051468,61859.50000000001,63974.03305656034,64302.055125101746,66500.08163948987,69057.38809204762,72044.99370525892,75551.45822321236
214011370,58230.75,61840.788440598444,62415.86507141844,66285.36138068848,70908.42205674709,76472.10417496585,83222.35716995371
214011371,56958.5,60309.24221503316,60841.4210571197,64420.58690521434,68684.02217068094,73797.81627610185,79979.16936494448
214011372,51880.0,54924.80149203389,55408.3263114227,58660.20284619757,62533.27064289673,67178.15820077529,72791.79973075578
214011373,69148.0,73598.7728684022,74309.3604951529,79092.34894832788,84819.5549542441,91729.21758139985,100135.83077623026
214011374,64133.49999999999,68273.97560681174,68935.14347675505,73385.61444773858,78715.633311916,85147.4154849956,92974.39732713945
214011375,60171.5,63906.958267649075,64502.06170271682,68506.36207195847,73290.86118967684,79049.34195489116,86036.6337022009
214011376,67520.0,71022.54934435447,71575.18556393485,75288.0946170896,79681.79721992776,84913.17393131445,91184.86229809617
214021377,61818.75,66020.34048998945,66693.41403502702,71226.31730716531,76672.42863445845,83267.77741278971,91325.79186846278
214021378,84904.25,90535.50147087456,91436.21287664794,97500.69502274573,104775.74072175837,113570.8507405739,124295.91586874332
214021379,58423.49999999999,61613.2622250356,62117.84939391447,65509.31292309638,69533.01953462935,74337.72615082459,80116.52502857767
214021380,63882.49999999999,67180.48855881172,67700.72606354857,71195.83380010913,75330.82266202434,80252.86104608973,86151.95526289075
214021381,88764.5,93798.29667388811,94596.18584210298,99960.6949156006,106338.01400469485,113970.21762311435,123172.70654404612
214021382,73771.5,78505.68213296398,79261.38087371759,84347.86838131072,90437.38727241296,97782.68493587743,106717.30055730428
214021383,63722.25000000001,68217.93440195936,68939.86348550106,73803.65704183301,79661.46484824037,86774.55064279037,95491.30193234741
214021384,50704.25,53620.256180635864,54082.81207613776,57193.119679153,60893.44907527934,65325.65260819441,70674.81030514705
214021385,62277.75,65990.72937370815,66580.88127471742,70550.4119474912,75282.37886045134,80962.89766354403,87835.69018390327
215011386,53973.0,57468.649923488905,58026.95763764614,61785.16878074235,66286.98886831012,71720.55192091028,78334.37487686347
215011387,64022.49999999999,71576.2993333995,72843.05633802718,81437.56343176722,92247.17550424382,106022.154242038,123833.10104328748
215011388,56467.75,59860.18236396637,60399.61846678023,64028.267039778555,68355.74619343225,73553.20179243103,79844.92870626473
215011389,63027.5,72193.86860692706,73768.78973852316,84497.31170798415,98322.23247409452,116419.95862393871,140527.46245193388
215011390,68213.5,76957.12888230247,78436.7873988594,88490.84062491707,101251.47383748725,117677.3211296089,139154.2274652026
215011391,51227.25,55424.96769777082,56106.22142836336,60703.7369819972,66299.76829211875,73175.66337486051,81713.2755197253
215011392,54037.00000000001,57634.92018510021,58210.542007279306,62086.34717917288,66736.94652687854,72360.76989301012,79220.72132779208
215011393,71746.0,84772.08486507031,87080.74675209123,102890.98282527212,123906.78870154463,152378.68259278883,191769.7720034314
215011394,55506.75000000001,61927.28322009835,63001.76383501026,70289.25441277734,79436.00331439431,91065.14677169475,106063.20575036561
215021395,60021.75000000001,64457.301640809914,65171.80185961828,69987.93755497818,75806.48666702917,82896.55466631641,91618.89512487708
215021396,51850.0,55570.885443720785,56169.071264575796,60199.90404482026,65060.011373807334,70969.04849784837,78220.48567175187
215021398,49393.0,50891.38799712259,51122.96447030238,52673.832737863086,54471.48763995375,56562.86865689777,59006.0059615771
215021399,47902.25,50164.95751597324,50520.39580877746,52906.773887186384,55718.262372288606,59049.26607474598,63020.67472949109
215021469,54916.75,58290.81120730104,58828.01551610482,62442.383173611735,66758.37011024219,71949.46417961217,78243.55869844029
215021470,54639.5,57503.65078694313,57955.79381530227,60993.781579905015,64590.672308216264,68875.8024048559,74016.39753533764
215031400,50443.25000000001,56925.05543746572,58022.26011954688,65477.945491463426,74943.37874587771,87131.34504600945,103072.68842065503
215031401,47056.0,49022.239038465705,49329.49881453177,51390.73619801273,53806.523359990555,56652.04101020951,60022.54181787302
215031402,49136.50000000001,52458.098453608254,52990.01893645522,56572.11300005359,60874.38470114382,66082.52339040152,72442.96246503611
215031403,60204.99999999999,67709.24576076791,68975.18751095071,77572.59235236295,88450.24822772208,102403.6014646942,120577.46597249387
215031404,55886.0,59224.84478024509,59755.59281335359,63325.62196475675,67581.85295546825,72691.9405320058,78875.47851935204
215031405,54909.0,59053.74119292409,59722.381507950566,64230.45513477916,69684.86042156376,76342.14868273969,84547.09661665188
216011406,55651.75,58003.92992889908,58371.669523186836,60838.809720373276,63731.6532610107,67140.84905408003,71181.35835329653
216011407,48625.74999999999,50807.1044781219,51148.98600655208,53443.533024886754,56140.698649104466,59328.144317247265,63117.61249804135
216011408,47966.75,49527.2268030043,49768.913247916316,51388.018870751024,53268.770387690856,55462.053730344516,58031.091788190606
216011409,47878.5,47495.04172994113,47437.98365626045,47058.053475742876,46634.0552353967,46161.35501966247,45634.9576763044
216011410,46050.0,47552.10544900797,47784.77084544692,49343.462803460876,51154.18961982897,53266.01031213695,55739.889706202055
216021411,50596.0,52017.69740454956,52236.94425822581,53704.750568478,55402.43205628503,57372.69804898716,59668.07400343493
216021412,50199.49999999999,52224.537240636484,52540.546262999145,54660.02081605163,57140.61623915902,60057.93300240319,63507.47606872102
216021413,46317.5,47255.91095457222,47399.52448458159,48359.85768516119,49462.1213595817,50730.432310537464,52193.86950676528
216021414,50561.25,52307.38978280989,52578.356227176,54394.157053362505,56507.480532928304,58977.339720601994,61877.37947418246
216031415,48897.5,50780.05476925001,51073.3097443161,53039.633234076224,55336.913592317265,58033.292630899945,61214.527571297316
216031416,60140.99999999999,63375.71211965987,63887.016015717985,67323.20937789931,71396.84635554728,76256.98954539343,82096.84656643073
216031417,53333.74999999999,55985.5770200807,56403.128943234406,59207.56968383047,62519.43622642319,66453.69723361281,71158.26562528525
216031418,48820.75,49777.53450834592,49923.86483064096,50902.26808062612,52024.54322452734,53314.93922606453,54802.6420034906
216031419,52453.24999999999,55820.46750669001,56357.9737300989,59975.85357139692,64307.2479490536,69531.97657025135,75887.3476150239
217011420,54725.49999999999,57754.044439645455,58233.466345762514,61456.14390380657,65282.294341256485,69854.69908524449,75358.93964233599
217011421,54195.0,57052.39219362537,57503.59911330906,60535.4348031648,64126.082717175595,68405.16255078293,73540.35920681845
217011422,57980.0,59727.957072077596,59998.05513597433,61806.85170006243,63903.09504213679,66341.35209721788,69189.05342371858
217011423,58543.99999999999,64757.07335323955,65787.94017191813,72769.787979493,81457.94619285928,92399.08656029087,106361.14122799288
217031471,52148.5,54694.15321376654,55094.641282175595,57784.11174904013,60957.46474099414,64723.54317796344,69222.14206216557
217031472,54005.75000000001,57190.461634323954,57696.3386803955,61098.683820558355,65152.03740523896,70014.57709241181,75893.20740882517
217031473,48054.25,49584.7404256781,49821.62572868845,51408.40569444539,53250.388074860544,55396.867034216906,57908.993997555655
217031474,57203.74999999999,61354.5737282839,62022.3761550569,66522.84947418302,71953.2661833902,78561.19488472235,86677.81908093896
217031475,48138.75,48270.42985407609,48290.23586220688,48422.33009422651,48571.34260558038,48739.49756514817,48929.326819974354
217031476,47900.0,50894.78126076473,51372.08419559916,54583.94547065987,58423.20119432172,63046.15962287796,68658.52320773473
217041477,57309.5,60891.02148525363,61461.82345100576,65302.841802459574,69894.03475186728,75422.26468089983,82133.43216758406
217041478,57363.74999999999,61116.089201487026,61715.75788777144,65752.77530158708,70591.50282405646,76435.66189948132,83554.64815092144
217041479,57495.5,60358.02752277224,60808.784142866454,63836.27008933655,67411.76234685373,71659.48880783559,76739.29436723058
217041480,60143.00000000001,64058.433515889235,64683.98396456192,68895.04491523094,73940.90584555139,80033.25210165493,87451.8665074179
